{
  "0.1": {
    "mae": 133.15990236589667,
    "rmse": 180.65699362293282,
    "mape": 12.922064533307672
  },
  "1.0": {
    "mae": 127.81399934241225,
    "rmse": 175.6049270044001,
    "mape": 12.431591109813668
  },
  "10.0": {
    "mae": 118.38428967251255,
    "rmse": 167.70356979152774,
    "mape": 11.500009392039747
  },
  "100.0": {
    "mae": 114.36025960882196,
    "rmse": 164.57885191997224,
    "mape": 11.063344951512605
  },
  "200.0": {
    "mae": 113.78740746488351,
    "rmse": 164.21104595269713,
    "mape": 11.001264589189974
  }
}